Workbook
Name ER: #REF!
Name IQ_CH: 110000
Name IQ_CQ: 5000
Name IQ_CY: 10000
Name IQ_DAILY: 500000
Name IQ_FH: 100000
Name IQ_FQ: 500
Name IQ_FY: 1000
Name IQ_LTM: 2000
Name IQ_MONTH: 15000
Name IQ_NTM: 6000
Name IQ_WEEK: 50000
Name IQ_YTD: 3000
Name Sigma: #REF!
Name W: #REF!

Sheet Aggregate
A1: Date | B1: AEP Adjusted | C1: DFSVX Adjusted | D1: DFLVX Adjusted | E1: FSAGX Adjusted | F1: GS1 (rf in percent) | G1: GS1 (rf) | H1: AEP Annual Return | I1: DFSVX Annual | J1: DFLVX Annual | K1: FSAGX Annual | L1: AEP Excess | M1: DFSVX Excess | N1: DFLVX Excess | O1: FSAGX Excess | Y1: AEP Annual RoR | Z1: DFSVX Annual ROR | AA1: DFLVX Annual RoR | AB1: FSAGX Annual RoR | AC1: AEP excess return | AD1: DFSVX excess return | AE1: DFLVX excess return | AF1: FSAGX excess return
A2: {=AEP!A2:A346} -> 34700 | B2: =AEP!F2 -> 9.232222 | C2: =DFSVX!F2 -> 1.989308 | D2: =DFLVX!F2 -> 2.739182 | E2: =FSAGX!F2 -> 7.7144 | F2: ='FRED Graph'!B12 -> 7.05 | G2: =F2/100 -> 0.0705
A3: 34731 | B3: =AEP!F3 -> 8.935465 | C3: =DFSVX!F3 -> 2.059477 | D3: =DFLVX!F3 -> 2.894485 | E3: =FSAGX!F3 -> 7.978323 | F3: ='FRED Graph'!B13 -> 6.7 | G3: =F3/100 -> 0.067
A4: 34759 | B4: =AEP!F4 -> 8.517897 | C4: =DFSVX!F4 -> 2.084037 | D4: =DFLVX!F4 -> 2.926617 | E4: =FSAGX!F4 -> 9.202764 | F4: ='FRED Graph'!B14 -> 6.43 | G4: =F4/100 -> 0.0643
A5: 34790 | B5: =AEP!F5 -> 8.786177 | C5: =DFSVX!F5 -> 2.157715 | D5: =DFLVX!F5 -> 3.044921 | E5: =FSAGX!F5 -> 9.168153 | F5: ='FRED Graph'!B15 -> 6.27 | G5: =F5/100 -> 0.0627
A6: 34820 | B6: =AEP!F6 -> 9.188595 | C6: =DFSVX!F6 -> 2.21736 | D6: =DFLVX!F6 -> 3.203623 | E6: =FSAGX!F6 -> 9.358523 | F6: ='FRED Graph'!B16 -> 6 | G6: =F6/100 -> 0.06 | P6: AEP Premium | Q6: =AVERAGE(L14:L346) -> 0.03050881
A7: 34851 | B7: =AEP!F7 -> 9.59989 | C7: =DFSVX!F7 -> 2.305071 | D7: =DFLVX!F7 -> 3.257421 | E7: =FSAGX!F7 -> 9.488323 | F7: ='FRED Graph'!B17 -> 5.64 | G7: =F7/100 -> 0.0564 | P7: DFSVX Premium | Q7: =AVERAGE(M14:M346) -> 0.063102618
A8: 34881 | B8: =AEP!F8 -> 9.429071 | C8: =DFSVX!F8 -> 2.429623 | D8: =DFLVX!F8 -> 3.417111 | E8: =FSAGX!F8 -> 9.743594 | F8: ='FRED Graph'!B18 -> 5.59 | G8: =F8/100 -> 0.0559 | P8: DFLVX Premium | Q8: =AVERAGE(N14:N346) -> 0.043646703
A9: 34912 | B9: =AEP!F9 -> 9.32659 | C9: =DFSVX!F9 -> 2.50681 | D9: =DFLVX!F9 -> 3.517138 | E9: =FSAGX!F9 -> 9.765227 | F9: ='FRED Graph'!B19 -> 5.75 | G9: =F9/100 -> 0.0575 | P9: FSAGX Premium | Q9: =AVERAGE(O14:O346) -> 0.0065205992
A10: 34943 | B10: =AEP!F10 -> 10.114293 | C10: =DFSVX!F10 -> 2.538385 | D10: =DFLVX!F10 -> 3.614459 | E10: =FSAGX!F10 -> 9.760903 | F10: ='FRED Graph'!B20 -> 5.62 | G10: =F10/100 -> 0.0562
A11: 34973 | B11: =AEP!F11 -> 10.600893 | C11: =DFSVX!F11 -> 2.413834 | D11: =DFLVX!F11 -> 3.489421 | E11: =FSAGX!F11 -> 8.584057 | F11: ='FRED Graph'!B21 -> 5.59 | G11: =F11/100 -> 0.0559
A12: 35004 | B12: =AEP!F12 -> 10.49662 | C12: =DFSVX!F12 -> 2.461198 | D12: =DFLVX!F12 -> 3.617349 | E12: =FSAGX!F12 -> 9.380157 | F12: ='FRED Graph'!B22 -> 5.43 | G12: =F12/100 -> 0.0543
A13: 35034 | B13: =AEP!F13 -> 11.441336 | C13: =DFSVX!F13 -> 2.535784 | D13: =DFLVX!F13 -> 3.694784 | E13: =FSAGX!F13 -> 9.579183 | F13: ='FRED Graph'!B23 -> 5.31 | G13: =F13/100 -> 0.0531
A14: 35065 | B14: =AEP!F14 -> 12.500722 | C14: =DFSVX!F14 -> 2.53796 | D14: =DFLVX!F14 -> 3.810657 | E14: =FSAGX!F14 -> 11.279553 | F14: ='FRED Graph'!B24 -> 5.09 | G14: =F14/100 -> 0.0509 | H14: =(B14-B2)/B2 -> 0.35403178 | I14: =(C14-C2)/C2 -> 0.27580043 | J14: =(D14-D2)/D2 -> 0.39116605 | K14: =(E14-E2)/E2 -> 0.46214262 | L14: =H14-$G$2 -> 0.28353178 | M14: =I14-$G$2 -> 0.20530043 | N14: =J14-$G$2 -> 0.32066605 | O14: =K14-$G$2 -> 0.39164262 | Y14: =(B14-B2)/B2 -> 0.35403178 | Z14: =(C14-C2)/C2 -> 0.27580043 | AA14: =(D14-D2)/D2 -> 0.39116605 | AB14: =(E14-E2)/E2 -> 0.46214262 | AC14: =Y14-$F$14/100 -> 0.30313178 | AD14: =Z14-$F$14/100 -> 0.22490043 | AE14: =AA14-$F$14/100 -> 0.34026605 | AF14: =AB14-$F$14/100 -> 0.41124262
A15: 35096 | B15: =AEP!F15 -> 12.112274 | C15: =DFSVX!F15 -> 2.593521 | D15: =DFLVX!F15 -> 3.866206 | E15: =FSAGX!F15 -> 11.729525 | F15: ='FRED Graph'!B25 -> 4.94 | G15: =F15/100 -> 0.0494 | H15: =(B15-B3)/B3 -> 0.35552811 | I15: =(C15-C3)/C3 -> 0.25931049 | J15: =(D15-D3)/D3 -> 0.33571464 | K15: =(E15-E3)/E3 -> 0.47017425 | L15: =H15-$G$2 -> 0.28502811 | M15: =I15-$G$2 -> 0.18881049 | N15: =J15-$G$2 -> 0.26521464 | O15: =K15-$G$2 -> 0.39967425 | Y15: =(B15-B3)/B3 -> 0.35552811 | Z15: =(C15-C3)/C3 -> 0.25931049 | AA15: =(D15-D3)/D3 -> 0.33571464 | AB15: =(E15-E3)/E3 -> 0.47017425 | AC15: =Y15-$F$14/100 -> 0.30462811 | AD15: =Z15-$F$14/100 -> 0.20841049 | AE15: =AA15-$F$14/100 -> 0.28481464 | AF15: =AB15-$F$14/100 -> 0.41927425
A16: 35125 | B16: =AEP!F16 -> 11.957523 | C16: =DFSVX!F16 -> 2.665216 | D16: =DFLVX!F16 -> 3.985639 | E16: =FSAGX!F16 -> 12.010754 | F16: ='FRED Graph'!B26 -> 5.34 | G16: =F16/100 -> 0.0534 | H16: =(B16-B4)/B4 -> 0.40381165 | I16: =(C16-C4)/C4 -> 0.27887173 | J16: =(D16-D4)/D4 -> 0.36185876 | K16: =(E16-E4)/E4 -> 0.30512463 | L16: =H16-$G$2 -> 0.33331165 | M16: =I16-$G$2 -> 0.20837173 | N16: =J16-$G$2 -> 0.29135876 | O16: =K16-$G$2 -> 0.23462463 | Y16: =(B16-B4)/B4 -> 0.40381165 | Z16: =(C16-C4)/C4 -> 0.27887173 | AA16: =(D16-D4)/D4 -> 0.36185876 | AB16: =(E16-E4)/E4 -> 0.30512463 | AC16: =Y16-$F$14/100 -> 0.35291165 | AD16: =Z16-$F$14/100 -> 0.22797173 | AE16: =AA16-$F$14/100 -> 0.31095876 | AF16: =AB16-$F$14/100 -> 0.25422463
A17: 35156 | B17: =AEP!F17 -> 11.63531 | C17: =DFSVX!F17 -> 2.803226 | D17: =DFLVX!F17 -> 4.065934 | E17: =FSAGX!F17 -> 12.296314 | F17: ='FRED Graph'!B27 -> 5.54 | G17: =F17/100 -> 0.0554 | H17: =(B17-B5)/B5 -> 0.32427448 | I17: =(C17-C5)/C5 -> 0.29916416 | J17: =(D17-D5)/D5 -> 0.33531675 | K17: =(E17-E5)/E5 -> 0.3411986 | L17: =H17-$G$2 -> 0.25377448 | M17: =I17-$G$2 -> 0.22866416 | N17: =J17-$G$2 -> 0.26481675 | O17: =K17-$G$2 -> 0.2706986 | Y17: =(B17-B5)/B5 -> 0.32427448 | Z17: =(C17-C5)/C5 -> 0.29916416 | AA17: =(D17-D5)/D5 -> 0.33531675 | AB17: =(E17-E5)/E5 -> 0.3411986 | AC17: =Y17-$F$14/100 -> 0.27337448 | AD17: =Z17-$F$14/100 -> 0.24826416 | AE17: =AA17-$F$14/100 -> 0.28441675 | AF17: =AB17-$F$14/100 -> 0.2902986
A18: 35186 | B18: =AEP!F18 -> 11.492106 | C18: =DFSVX!F18 -> 2.91256 | D18: =DFLVX!F18 -> 4.132817 | E18: =FSAGX!F18 -> 13.63757 | F18: ='FRED Graph'!B28 -> 5.64 | G18: =F18/100 -> 0.0564 | H18: =(B18-B6)/B6 -> 0.25069241 | I18: =(C18-C6)/C6 -> 0.31352599 | J18: =(D18-D6)/D6 -> 0.29004474 | K18: =(E18-E6)/E6 -> 0.45723529 | L18: =H18-$G$2 -> 0.18019241 | M18: =I18-$G$2 -> 0.24302599 | N18: =J18-$G$2 -> 0.21954474 | O18: =K18-$G$2 -> 0.38673529 | Y18: =(B18-B6)/B6 -> 0.25069241 | Z18: =(C18-C6)/C6 -> 0.31352599 | AA18: =(D18-D6)/D6 -> 0.29004474 | AB18: =(E18-E6)/E6 -> 0.45723529 | AC18: =Y18-$F$14/100 -> 0.19979241 | AD18: =Z18-$F$14/100 -> 0.26262599 | AE18: =AA18-$F$14/100 -> 0.23914474 | AF18: =AB18-$F$14/100 -> 0.40633529
A19: 35217 | B19: =AEP!F19 -> 12.395822 | C19: =DFSVX!F19 -> 2.85162 | D19: =DFLVX!F19 -> 3.990692 | E19: =FSAGX!F19 -> 11.712217 | F19: ='FRED Graph'!B29 -> 5.81 | G19: =F19/100 -> 0.0581 | H19: =(B19-B7)/B7 -> 0.29124625 | I19: =(C19-C7)/C7 -> 0.23710723 | J19: =(D19-D7)/D7 -> 0.22510784 | K19: =(E19-E7)/E7 -> 0.2343822 | L19: =H19-$G$2 -> 0.22074625 | M19: =I19-$G$2 -> 0.16660723 | N19: =J19-$G$2 -> 0.15460784 | O19: =K19-$G$2 -> 0.1638822 | Y19: =(B19-B7)/B7 -> 0.29124625 | Z19: =(C19-C7)/C7 -> 0.23710723 | AA19: =(D19-D7)/D7 -> 0.22510784 | AB19: =(E19-E7)/E7 -> 0.2343822 | AC19: =Y19-$F$14/100 -> 0.24034625 | AD19: =Z19-$F$14/100 -> 0.18620723 | AE19: =AA19-$F$14/100 -> 0.17420784 | AF19: =AB19-$F$14/100 -> 0.1834822
A20: 35247 | B20: =AEP!F20 -> 12.068673 | C20: =DFSVX!F20 -> 2.674178 | D20: =DFLVX!F20 -> 3.832521 | E20: =FSAGX!F20 -> 11.495884 | F20: ='FRED Graph'!B30 -> 5.85 | G20: =F20/100 -> 0.0585 | H20: =(B20-B8)/B8 -> 0.27994296 | I20: =(C20-C8)/C8 -> 0.10065553 | J20: =(D20-D8)/D8 -> 0.1215676 | K20: =(E20-E8)/E8 -> 0.17984021 | L20: =H20-$G$2 -> 0.20944296 | M20: =I20-$G$2 -> 0.030155534 | N20: =J20-$G$2 -> 0.051067605 | O20: =K20-$G$2 -> 0.10934021 | Y20: =(B20-B8)/B8 -> 0.27994296 | Z20: =(C20-C8)/C8 -> 0.10065553 | AA20: =(D20-D8)/D8 -> 0.1215676 | AB20: =(E20-E8)/E8 -> 0.17984021 | AC20: =Y20-$F$14/100 -> 0.22904296 | AD20: =Z20-$F$14/100 -> 0.049755534 | AE20: =AA20-$F$14/100 -> 0.070667605 | AF20: =AB20-$F$14/100 -> 0.12894021
A21: 35278 | B21: =AEP!F21 -> 12.068673 | C21: =DFSVX!F21 -> 2.796057 | D21: =DFLVX!F21 -> 3.986604 | E21: =FSAGX!F21 -> 12.668402 | F21: ='FRED Graph'!B31 -> 5.67 | G21: =F21/100 -> 0.0567 | H21: =(B21-B9)/B9 -> 0.29400703 | I21: =(C21-C9)/C9 -> 0.11538449 | J21: =(D21-D9)/D9 -> 0.13347955 | K21: =(E21-E9)/E9 -> 0.29729724 | L21: =H21-$G$2 -> 0.22350703 | M21: =I21-$G$2 -> 0.044884493 | N21: =J21-$G$2 -> 0.062979551 | O21: =K21-$G$2 -> 0.22679724 | Y21: =(B21-B9)/B9 -> 0.29400703 | Z21: =(C21-C9)/C9 -> 0.11538449 | AA21: =(D21-D9)/D9 -> 0.13347955 | AB21: =(E21-E9)/E9 -> 0.29729724 | AC21: =Y21-$F$14/100 -> 0.24310703 | AD21: =Z21-$F$14/100 -> 0.064484493 | AE21: =AA21-$F$14/100 -> 0.082579551 | AF21: =AB21-$F$14/100 -> 0.24639724
A22: 35309 | B22: =AEP!F22 -> 11.982875 | C22: =DFSVX!F22 -> 2.889259 | D22: =DFLVX!F22 -> 4.045439 | E22: =FSAGX!F22 -> 12.434767 | F22: ='FRED Graph'!B32 -> 5.83 | G22: =F22/100 -> 0.0583 | H22: =(B22-B10)/B10 -> 0.18474667 | I22: =(C22-C10)/C10 -> 0.13822726 | J22: =(D22-D10)/D10 -> 0.11923776 | K22: =(E22-E10)/E10 -> 0.27393613 | L22: =H22-$G$2 -> 0.11424667 | M22: =I22-$G$2 -> 0.067727259 | N22: =J22-$G$2 -> 0.048737761 | O22: =K22-$G$2 -> 0.20343613 | Y22: =(B22-B10)/B10 -> 0.18474667 | Z22: =(C22-C10)/C10 -> 0.13822726 | AA22: =(D22-D10)/D10 -> 0.11923776 | AB22: =(E22-E10)/E10 -> 0.27393613 | AC22: =Y22-$F$14/100 -> 0.13384667 | AD22: =Z22-$F$14/100 -> 0.087327259 | AE22: =AA22-$F$14/100 -> 0.068337761 | AF22: =AB22-$F$14/100 -> 0.22303613
A23: 35339 | B23: =AEP!F23 -> 12.27784 | C23: =DFSVX!F23 -> 2.910767 | D23: =DFLVX!F23 -> 4.19625 | E23: =FSAGX!F23 -> 12.092961 | F23: ='FRED Graph'!B33 -> 5.55 | G23: =F23/100 -> 0.0555 | H23: =(B23-B11)/B11 -> 0.15818922 | I23: =(C23-C11)/C11 -> 0.20586875 | J23: =(D23-D11)/D11 -> 0.20256341 | K23: =(E23-E11)/E11 -> 0.40876989 | L23: =H23-$G$2 -> 0.08768922 | M23: =I23-$G$2 -> 0.13536875 | N23: =J23-$G$2 -> 0.13206341 | O23: =K23-$G$2 -> 0.33826989 | Y23: =(B23-B11)/B11 -> 0.15818922 | Z23: =(C23-C11)/C11 -> 0.20586875 | AA23: =(D23-D11)/D11 -> 0.20256341 | AB23: =(E23-E11)/E11 -> 0.40876989 | AC23: =Y23-$F$14/100 -> 0.10728922 | AD23: =Z23-$F$14/100 -> 0.15496875 | AE23: =AA23-$F$14/100 -> 0.15166341 | AF23: =AB23-$F$14/100 -> 0.35786989
A24: 35370 | B24: =AEP!F24 -> 12.240973 | C24: =DFSVX!F24 -> 3.048778 | D24: =DFLVX!F24 -> 4.500204 | E24: =FSAGX!F24 -> 11.573764 | F24: ='FRED Graph'!B34 -> 5.42 | G24: =F24/100 -> 0.0542 | H24: =(B24-B12)/B12 -> 0.16618235 | I24: =(C24-C12)/C12 -> 0.2387374 | J24: =(D24-D12)/D12 -> 0.24406133 | K24: =(E24-E12)/E12 -> 0.23385611 | L24: =H24-$G$2 -> 0.095682352 | M24: =I24-$G$2 -> 0.1682374 | N24: =J24-$G$2 -> 0.17356133 | O24: =K24-$G$2 -> 0.16335611 | Y24: =(B24-B12)/B12 -> 0.16618235 | Z24: =(C24-C12)/C12 -> 0.2387374 | AA24: =(D24-D12)/D12 -> 0.24406133 | AB24: =(E24-E12)/E12 -> 0.23385611 | AC24: =Y24-$F$14/100 -> 0.11528235 | AD24: =Z24-$F$14/100 -> 0.1878374 | AE24: =AA24-$F$14/100 -> 0.19316133 | AF24: =AB24-$F$14/100 -> 0.18295611
A25: 35400 | B25: =AEP!F25 -> 12.304587 | C25: =DFSVX!F25 -> 3.030853 | D25: =DFLVX!F25 -> 4.328528 | E25: =FSAGX!F25 -> 11.266572 | F25: ='FRED Graph'!B35 -> 5.47 | G25: =F25/100 -> 0.0547 | H25: =(B25-B13)/B13 -> 0.075450192 | I25: =(C25-C13)/C13 -> 0.19523311 | J25: =(D25-D13)/D13 -> 0.17152396 | K25: =(E25-E13)/E13 -> 0.17615166 | L25: =H25-$G$2 -> 0.0049501922 | M25: =I25-$G$2 -> 0.12473311 | N25: =J25-$G$2 -> 0.10102396 | O25: =K25-$G$2 -> 0.10565166 | Y25: =(B25-B13)/B13 -> 0.075450192 | Z25: =(C25-C13)/C13 -> 0.19523311 | AA25: =(D25-D13)/D13 -> 0.17152396 | AB25: =(E25-E13)/E13 -> 0.17615166 | AC25: =Y25-$F$14/100 -> 0.024550192 | AD25: =Z25-$F$14/100 -> 0.14433311 | AE25: =AA25-$F$14/100 -> 0.12062396 | AF25: =AB25-$F$14/100 -> 0.12525166
... A346: 45170 | B346: =AEP!F346 -> 75.220001 | C346: =DFSVX!F346 -> 40.18 | D346: =DFLVX!F346 -> 41.720001 | E346: =FSAGX!F346 -> 19.92 | F346: ='FRED Graph'!B356 -> 5.44 | G346: =F346/100 -> 0.0544 | H346: =(B346-B334)/B334 -> -0.096255102 | I346: =(C346-C334)/C334 -> 0.16948685 | J346: =(D346-D334)/D334 -> 0.15990303 | K346: =(E346-E334)/E334 -> 0.068882846 | L346: =H346-$G$2 -> -0.1667551 | M346: =I346-$G$2 -> 0.098986848 | N346: =J346-$G$2 -> 0.089403026 | O346: =K346-$G$2 -> -0.0016171543 | Y346: =(B346-B334)/B334 -> -0.096255102 | Z346: =(C346-C334)/C334 -> 0.16948685 | AA346: =(D346-D334)/D334 -> 0.15990303 | AB346: =(E346-E334)/E334 -> 0.068882846 | AC346: =Y346-$F$14/100 -> -0.1471551 | AD346: =Z346-$F$14/100 -> 0.11858685 | AE346: =AA346-$F$14/100 -> 0.10900303 | AF346: =AB346-$F$14/100 -> 0.017982846

Sheet AEP
A1: Date | B1: Open | C1: High | D1: Low | E1: Close | F1: Adj Close | G1: Volume
A2: 34700 | B2: 32.75 | C2: 35.125 | D2: 32.75 | E2: 35 | F2: 9.232222 | G2: 5483700
A3: 34731 | B3: 35 | C3: 35.75 | D3: 33.25 | E3: 33.875 | F3: 8.935465 | G3: 8567400
A4: 34759 | B4: 33.875 | C4: 33.875 | D4: 31.25 | E4: 31.75 | F4: 8.517897 | G4: 8348200
A5: 34790 | B5: 31.625 | C5: 33.125 | D5: 31.5 | E5: 32.75 | F5: 8.786177 | G5: 5412100
A6: 34820 | B6: 32.625 | C6: 34.25 | D6: 32 | E6: 34.25 | F6: 9.188595 | G6: 6760100
A7: 34851 | B7: 34 | C7: 35.375 | D7: 33.625 | E7: 35.125 | F7: 9.59989 | G7: 7421500
A8: 34881 | B8: 35 | C8: 35.25 | D8: 34 | E8: 34.5 | F8: 9.429071 | G8: 4361600
A9: 34912 | B9: 34.5 | C9: 35.25 | D9: 33.625 | E9: 34.125 | F9: 9.32659 | G9: 6461900
A10: 34943 | B10: 34.125 | C10: 36.5 | D10: 33.875 | E10: 36.375 | F10: 10.114293 | G10: 4150900
A11: 34973 | B11: 36.125 | C11: 39.625 | D11: 35.875 | E11: 38.125 | F11: 10.600893 | G11: 6409800
A12: 35004 | B12: 38 | C12: 38.75 | D12: 36.625 | E12: 37.75 | F12: 10.49662 | G12: 9907900
A13: 35034 | B13: 37.625 | C13: 40.625 | D13: 37.625 | E13: 40.5 | F13: 11.441336 | G13: 6490800
... A346: 45170 | B346: 78.860001 | C346: 81.370003 | D346: 74.230003 | E346: 75.220001 | F346: 75.220001 | G346: 55691200

Sheet DFSVX
A1: Date | B1: Open | C1: High | D1: Low | E1: Close | F1: Adj Close | G1: Volume
A2: 34700 | B2: 11.2 | C2: 11.46 | D2: 11.2 | E2: 11.34 | F2: 1.989308 | G2: 0
A3: 34731 | B3: 11.36 | C3: 11.74 | D3: 11.36 | E3: 11.74 | F3: 2.059477 | G3: 0
A4: 34759 | B4: 11.73 | C4: 11.88 | D4: 11.63 | E4: 11.88 | F4: 2.084037 | G4: 0
A5: 34790 | B5: 11.91 | C5: 12.3 | D5: 11.91 | E5: 12.3 | F5: 2.157715 | G5: 0
A6: 34820 | B6: 12.3 | C6: 12.71 | D6: 12.28 | E6: 12.64 | F6: 2.21736 | G6: 0
A7: 34851 | B7: 12.69 | C7: 13.14 | D7: 12.69 | E7: 13.14 | F7: 2.305071 | G7: 0
A8: 34881 | B8: 13.16 | C8: 13.85 | D8: 13.16 | E8: 13.85 | F8: 2.429623 | G8: 0
A9: 34912 | B9: 13.82 | C9: 14.29 | D9: 13.8 | E9: 14.29 | F9: 2.50681 | G9: 0
A10: 34943 | B10: 14.33 | C10: 14.69 | D10: 14.32 | E10: 14.47 | F10: 2.538385 | G10: 0
A11: 34973 | B11: 14.39 | C11: 14.39 | D11: 13.71 | E11: 13.76 | F11: 2.413834 | G11: 0
A12: 35004 | B12: 13.79 | C12: 14.15 | D12: 13.79 | E12: 14.03 | F12: 2.461198 | G12: 0
A13: 35034 | B13: 14.09 | C13: 14.21 | D13: 13.9 | E13: 14.21 | F13: 2.535784 | G13: 0
... A346: 45170 | B346: 42.73 | C346: 42.73 | D346: 39.810001 | E346: 40.18 | F346: 40.18 | G346: 0

Sheet DFLVX
A1: Date | B1: Open | C1: High | D1: Low | E1: Close | F1: Adj Close | G1: Volume
A2: 34700 | B2: 10.05 | C2: 10.46 | D2: 10.05 | E2: 10.23 | F2: 2.739182 | G2: 0
A3: 34731 | B3: 10.26 | C3: 10.84 | D3: 10.26 | E3: 10.81 | F3: 2.894485 | G3: 0
A4: 34759 | B4: 10.73 | C4: 11 | D4: 10.51 | E4: 10.93 | F4: 2.926617 | G4: 0
A5: 34790 | B5: 10.96 | C5: 11.32 | D5: 10.96 | E5: 11.32 | F5: 3.044921 | G5: 0
A6: 34820 | B6: 11.32 | C6: 11.91 | D6: 11.3 | E6: 11.91 | F6: 3.203623 | G6: 0
A7: 34851 | B7: 11.96 | C7: 12.26 | D7: 11.72 | E7: 12.11 | F7: 3.257421 | G7: 0
A8: 34881 | B8: 12.18 | C8: 12.7 | D8: 12.18 | E8: 12.64 | F8: 3.417111 | G8: 0
A9: 34912 | B9: 12.58 | C9: 13.01 | D9: 12.58 | E9: 13.01 | F9: 3.517138 | G9: 0
A10: 34943 | B10: 13.13 | C10: 13.52 | D10: 13.13 | E10: 13.37 | F10: 3.614459 | G10: 0
A11: 34973 | B11: 13.34 | C11: 13.49 | D11: 12.72 | E11: 12.82 | F11: 3.489421 | G11: 0
A12: 35004 | B12: 12.9 | C12: 13.43 | D12: 12.9 | E12: 13.29 | F12: 3.617349 | G12: 0
A13: 35034 | B13: 13.38 | C13: 13.56 | D13: 13.09 | E13: 13.34 | F13: 3.694784 | G13: 0
... A346: 45170 | B346: 43.490002 | C346: 43.490002 | D346: 41.720001 | E346: 41.720001 | F346: 41.720001 | G346: 0

Sheet FSAGX
A1: Date | B1: Open | C1: High | D1: Low | E1: Close | F1: Adj Close | G1: Volume
A2: 34700 | B2: 19.33 | C2: 19.57 | D2: 17.83 | E2: 17.83 | F2: 7.7144 | G2: 0
A3: 34731 | B3: 17.940001 | C3: 18.59 | D3: 17.83 | E3: 18.440001 | F3: 7.978323 | G3: 0
A4: 34759 | B4: 17.950001 | C4: 21.27 | D4: 17.950001 | E4: 21.27 | F4: 9.202764 | G4: 0
A5: 34790 | B5: 21.280001 | C5: 21.889999 | D5: 20.860001 | E5: 21.190001 | F5: 9.168153 | G5: 0
A6: 34820 | B6: 21.360001 | C6: 21.73 | D6: 20.450001 | E6: 21.629999 | F6: 9.358523 | G6: 0
A7: 34851 | B7: 21.709999 | C7: 23.08 | D7: 21.309999 | E7: 21.93 | F7: 9.488323 | G7: 0
A8: 34881 | B8: 21.84 | C8: 23.6 | D8: 21.84 | E8: 22.52 | F8: 9.743594 | G8: 0
A9: 34912 | B9: 22.83 | C9: 23.469999 | D9: 22.57 | E9: 22.57 | F9: 9.765227 | G9: 0
A10: 34943 | B10: 22.389999 | C10: 23.43 | D10: 22.34 | E10: 22.559999 | F10: 9.760903 | G10: 0
A11: 34973 | B11: 22.370001 | C11: 22.370001 | D11: 19.58 | E11: 19.84 | F11: 8.584057 | G11: 0
A12: 35004 | B12: 19.799999 | C12: 21.940001 | D12: 19.799999 | E12: 21.68 | F12: 9.380157 | G12: 0
A13: 35034 | B13: 21.610001 | C13: 22.450001 | D13: 21.610001 | E13: 22.139999 | F13: 9.579183 | G13: 0
... A346: 45170 | B346: 21.77 | C346: 21.93 | D346: 19.91 | E346: 19.92 | F346: 19.92 | G346: 0

Sheet FRED Graph
A1: FRED Graph Observations
A2: Federal Reserve Economic Data
A3: Link: https://fred.stlouisfed.org
A4: Help: https://fredhelp.stlouisfed.org
A5: Economic Research Division
A6: Federal Reserve Bank of St. Louis
A8: GS1 | B8: Market Yield on U.S. Treasury Securities at 1-Year Constant Maturity, Quoted on an Investment Basis, Percent, Monthly, Not Seasonally Adjusted
A10: Frequency: Monthly
A11: observation_date | B11: GS1
A12: 34700 | B12: 7.05
A13: 34731 | B13: 6.7
A14: 34759 | B14: 6.43
A15: 34790 | B15: 6.27
A16: 34820 | B16: 6
A17: 34851 | B17: 5.64
A18: 34881 | B18: 5.59
A19: 34912 | B19: 5.75
A20: 34943 | B20: 5.62
A21: 34973 | B21: 5.59
A22: 35004 | B22: 5.43
A23: 35034 | B23: 5.31
... A356: 45170 | B356: 5.44
